AaronS = Aaron Smith <obselete@comlab.ox.ac.uk>
alan.garny@dpag.ox.ac.uk = Alan Garny <alan.garny@dpag.ox.ac.uk>
alan.garny@physiol.ox.ac.uk = Alan Garny <alan.garny@dpag.ox.ac.uk>
alberto@comlab.ox.ac.uk = Alberto Corrias <alberto@nus.edu.sg>
alberto@nus.edu.sg = Alberto Corrias <alberto@nus.edu.sg>
AlexF = Alex Fletcher <fletcher@maths.ox.ac.uk>
AlexW = Alex Walter <obselete@comlab.ox.ac.uk>
alfbue@comlab.ox.ac.uk = Alfonso Bueno-Orovio <alfbue@comlab.ox.ac.uk>
beagle = Old User <obselete@comlab.ox.ac.uk>
boltzman = Old User <obselete@comlab.ox.ac.uk>
CarinaE = Carina Edwards <edwardsc@maths.ox.ac.uk>
chris.arthurs@comlab.ox.ac.uk = Chris Arthurs <chris.arthurs@comlab.ox.ac.uk>
cori = Old User <obselete@comlab.ox.ac.uk>
dalton = Old User <obselete@comlab.ox.ac.uk>
daniel.harvey@dtc.ox.ac.uk = Dan Harvey <daniel.harvey@dtc.ox.ac.uk>
daniel.stokeley@stcatz.ox.ac.uk = Dan Stokeley <daniel.stokeley@stcatz.ox.ac.uk>
davinci = Old User <obselete@comlab.ox.ac.uk>
davit@maths.ox.ac.uk = Yohan Davit <davit@maths.ox.ac.uk>
dev = Old User <obselete@comlab.ox.ac.uk>
EllieB = Ellie Boston <ellie.boston@gmail.com>
fujitsu = Fujitsu Labs <obselete@comlab.ox.ac.uk>
GaryM = Gary Mirams <gary.mirams@gmail.com>
goeppertmayer = Old User <obselete@comlab.ox.ac.uk>
hopper = Old User <obselete@comlab.ox.ac.uk>
jameso@comlab.ox.ac.uk = James Osborne <jameso@comlab.ox.ac.uk>
james.southern@keb.ox.ac.uk = James Southern <james.southern@uk.fujitsu.com>
james.southern@uk.fujitsu.com = James Southern <james.southern@uk.fujitsu.com>
jmpf@comlab.ox.ac.uk = Joe Pitt-Francis <jmpf@comlab.ox.ac.uk>
JohnW = John Walmsley <john.walmsley@balliol.ox.ac.uk>
jonathan.cooper@sjc.ox.ac.uk = Jon Cooper <jonathan.cooper@cs.ox.ac.uk>
jonathan.whiteley@comlab.ox.ac.uk = Jon Whiteley <jonathan.whiteley@cs.ox.ac.uk>
jonc@comlab.ox.ac.uk = Jon Cooper <jonathan.cooper@cs.ox.ac.uk>
KonstantinosS = Konstantinos Sakellariou <konstantinos.sakellariou@merton.ox.ac.uk>
leemo@comlab.ox.ac.uk = Lee Momtahan <leemo@comlab.ox.ac.uk>
LorenzBerger = Lorenz Berger <lorenz.berger@dtc.ox.ac.uk>
martin.bishop@comlab.ox.ac.uk = Martin Bishop <martin.bishop@comlab.ox.ac.uk>
MattJ = Matt Johnson <obselete@comlab.ox.ac.uk>
migb@comlab.ox.ac.uk = Miguel Bernabeu <miguel.bernabeu@ucl.ac.uk>
Mikael.Wallman@comlab.ox.ac.uk = Mikael Wallman <Mikael.Wallman@cs.ox.ac.uk>
minsuok = Minsouk Kim <peter3k@gmail.com>
msteghofer@cistib.upf.edu = Martin Steghofer <msteghofer@cistib.upf.edu>
nejzem@comlab.ox.ac.uk = Nejib Zemzemi <nejib.zemzemi@gmail.com>
Nicholas.Wilson@uk.fujitsu.com = Nic Wilson <Nicholas.Wilson@uk.fujitsu.com>
nicj@comlab.ox.ac.uk = Nicolas Jeanquinn <nicj@comlab.ox.ac.uk>
onsager = Old User <obselete@comlab.ox.ac.uk>
OrnellaC = Ornella <ornella.cominetti-allende@sjc.ox.ac.uk>
penrose = Old User <obselete@comlab.ox.ac.uk>
perfahl = Holger Perfahl <holger@perfahl.org>
perutz = Old User <obselete@comlab.ox.ac.uk>
philip.gemmell@dtc.ox.ac.uk = Philip Gemmell <philip.gemmell@dtc.ox.ac.uk>
PhilipM = Philip Murray <murray@maths.ox.ac.uk>
philp@comlab.ox.ac.uk = Phil Prior <philp@comlab.ox.ac.uk>
planck = Old User <obselete@comlab.ox.ac.uk>
pras@comlab.ox.ac.uk = Pras Pathmanathan <pras@cs.ox.ac.uk>
rafb@comlab.ox.ac.uk = Raf Bordas <rafb@cs.ox.ac.uk>
root = Old User <obselete@comlab.ox.ac.uk>
rutherford = Rutherford Appleton Labs <obselete@comlab.ox.ac.uk>
Sara = Sara Dutta <saradutta@gmail.com>
SarahE = Sarah Young <pmxse@nottingham.ac.uk>
SaraJaneD = Sara-Jane Dunn <sarajane.dunn@gmail.com>
ShifletAB@Wofford.Edu = Angela Shiflet <ShifletAB@wofford.edu>
SophieK = Sophie Kershaw <sophie.kershaw@keble.ox.ac.uk>
SusheelV = Susheel Varma <susheel.varma@sheffield.ac.uk>
thum@comlab.ox.ac.uk = Thushka <obselete@comlab.ox.ac.uk>
valentina.carapella@dtc.ox.ac.uk = Valentina Carapella <valentina.carapella@dtc.ox.ac.uk>
victoh = Arash Sadrieh <A.Sadrieh@victorchang.edu.au>
louiecn= Louie Cardone-Noott <louie.cardone-noott@linacre.ox.ac.uk>
dayo = Adedayo Adetoye <dayo.research@googlemail.com>
